{"cameraMode":{"drawMode":0,"name":"Shaded","section":"Shading Mode"},"sceneLighting":true,"audioPlay":false,"sceneViewState":{"showFog":false,"showMaterialUpdate":false,"showSkybox":false,"showFlares":false,"showImageEffects":false,"showParticleSystems":false},"in2DMode":false,"pivot":{"x":-4.360000133514404,"y":0.10000000894069672,"z":-5.699999809265137},"rotation":{"x":-0.2265922576189041,"y":0.7486728429794312,"z":-0.31592461466789248,"w":-0.5369737148284912},"size":0.866028368473053,"orthographic":false}